[
    {
        "id": "f6f2187d.f17ca8",
        "type": "tab",
        "label": "Flow 1",
        "disabled": false,
        "info": ""
    },
    {
        "id": "11b312606f854e19",
        "type": "ui_joystick",
        "z": "f6f2187d.f17ca8",
        "name": "",
        "group": "75e0de12f03e09f3",
        "order": 2,
        "width": 3,
        "height": 3,
        "trigger": "all",
        "timeInterval": 0,
        "useThemeColor": true,
        "color": "#000000",
        "threshold": 0.1,
        "directions": "all",
        "shape": "circle",
        "centerAtRelease": true,
        "x": 470,
        "y": 200,
        "wires": [
            [
                "2468bcee5e2cca1f"
            ]
        ]
    },
    {
        "id": "18c6dabcfc8be2a6",
        "type": "debug",
        "z": "f6f2187d.f17ca8",
        "name": "",
        "active": false,
        "tosidebar": true,
        "console": false,
        "tostatus": false,
        "complete": "false",
        "statusVal": "",
        "statusType": "auto",
        "x": 1150,
        "y": 240,
        "wires": []
    },
    {
        "id": "2468bcee5e2cca1f",
        "type": "function",
        "z": "f6f2187d.f17ca8",
        "name": "Direction",
        "func": "g=msg.payload;\n\nmsg.payload=g['direction']['angle'];\nreturn msg;",
        "outputs": 1,
        "noerr": 0,
        "initialize": "",
        "finalize": "",
        "libs": [],
        "x": 680,
        "y": 240,
        "wires": [
            [
                "18c6dabcfc8be2a6",
                "7f9c929bc191159e"
            ]
        ]
    },
    {
        "id": "5c1387e9418bbee9",
        "type": "ui_numeric",
        "z": "f6f2187d.f17ca8",
        "name": "",
        "label": "ESC Speed",
        "tooltip": "",
        "group": "75e0de12f03e09f3",
        "order": 8,
        "width": 0,
        "height": 0,
        "wrap": false,
        "passthru": true,
        "topic": "topic",
        "topicType": "msg",
        "format": "{{value}}",
        "min": 0,
        "max": "180",
        "step": 1,
        "className": "",
        "x": 480,
        "y": 440,
        "wires": [
            [
                "d729aaf6a3e3f645"
            ]
        ]
    },
    {
        "id": "2ecbd70cf814dd7f",
        "type": "ui_button",
        "z": "f6f2187d.f17ca8",
        "name": "",
        "group": "75e0de12f03e09f3",
        "order": 10,
        "width": 0,
        "height": 0,
        "passthru": false,
        "label": "Stop",
        "tooltip": "",
        "color": "",
        "bgcolor": "",
        "className": "",
        "icon": "",
        "payload": "stop",
        "payloadType": "str",
        "topic": "topic",
        "topicType": "msg",
        "x": 470,
        "y": 280,
        "wires": [
            [
                "7f9c929bc191159e"
            ]
        ]
    },
    {
        "id": "d729aaf6a3e3f645",
        "type": "mqtt out",
        "z": "f6f2187d.f17ca8",
        "name": "",
        "topic": "brushlessCar/speed",
        "qos": "0",
        "retain": "false",
        "respTopic": "",
        "contentType": "",
        "userProps": "",
        "correl": "",
        "expiry": "",
        "broker": "28f7ceb9.8189a2",
        "x": 750,
        "y": 460,
        "wires": []
    },
    {
        "id": "7f9c929bc191159e",
        "type": "mqtt out",
        "z": "f6f2187d.f17ca8",
        "name": "",
        "topic": "brushlessCar/position",
        "qos": "0",
        "retain": "false",
        "respTopic": "",
        "contentType": "",
        "userProps": "",
        "correl": "",
        "expiry": "",
        "broker": "28f7ceb9.8189a2",
        "x": 960,
        "y": 300,
        "wires": []
    },
    {
        "id": "7aebc83d480f6379",
        "type": "ui_switch",
        "z": "f6f2187d.f17ca8",
        "name": "",
        "label": "Arduino On-board LED",
        "tooltip": "",
        "group": "75e0de12f03e09f3",
        "order": 9,
        "width": 0,
        "height": 0,
        "passthru": true,
        "decouple": "false",
        "topic": "topic",
        "topicType": "msg",
        "style": "",
        "onvalue": "on",
        "onvalueType": "str",
        "onicon": "",
        "oncolor": "",
        "offvalue": "off",
        "offvalueType": "str",
        "officon": "",
        "offcolor": "",
        "animate": false,
        "className": "",
        "x": 490,
        "y": 580,
        "wires": [
            [
                "a5f92faefcfbee46"
            ]
        ]
    },
    {
        "id": "a5f92faefcfbee46",
        "type": "mqtt out",
        "z": "f6f2187d.f17ca8",
        "name": "",
        "topic": "GsmClientTest/ledStatus",
        "qos": "0",
        "retain": "false",
        "respTopic": "",
        "contentType": "",
        "userProps": "",
        "correl": "",
        "expiry": "",
        "broker": "28f7ceb9.8189a2",
        "x": 750,
        "y": 580,
        "wires": []
    },
    {
        "id": "7d724facc36b18c8",
        "type": "ui_spacer",
        "z": "f6f2187d.f17ca8",
        "name": "spacer",
        "group": "75e0de12f03e09f3",
        "order": 1,
        "width": 6,
        "height": 1
    },
    {
        "id": "d5fcbf96299a9315",
        "type": "ui_spacer",
        "z": "f6f2187d.f17ca8",
        "name": "spacer",
        "group": "75e0de12f03e09f3",
        "order": 3,
        "width": 6,
        "height": 1
    },
    {
        "id": "3e5b224aeaab4b0f",
        "type": "ui_spacer",
        "z": "f6f2187d.f17ca8",
        "name": "spacer",
        "group": "75e0de12f03e09f3",
        "order": 4,
        "width": 6,
        "height": 1
    },
    {
        "id": "f85e0b51105ab907",
        "type": "ui_spacer",
        "z": "f6f2187d.f17ca8",
        "name": "spacer",
        "group": "75e0de12f03e09f3",
        "order": 5,
        "width": 6,
        "height": 1
    },
    {
        "id": "16055274cdeaa2b5",
        "type": "ui_spacer",
        "z": "f6f2187d.f17ca8",
        "name": "spacer",
        "group": "75e0de12f03e09f3",
        "order": 6,
        "width": 6,
        "height": 1
    },
    {
        "id": "72604ef9ecf6e702",
        "type": "ui_spacer",
        "z": "f6f2187d.f17ca8",
        "name": "spacer",
        "group": "75e0de12f03e09f3",
        "order": 7,
        "width": 6,
        "height": 1
    },
    {
        "id": "75e0de12f03e09f3",
        "type": "ui_group",
        "name": "Brushless Motors Controller",
        "tab": "713a99086b6030f2",
        "order": 1,
        "disp": true,
        "width": "15",
        "collapse": false,
        "className": ""
    },
    {
        "id": "28f7ceb9.8189a2",
        "type": "mqtt-broker",
        "name": "hivemq",
        "broker": "broker.hivemq.com",
        "port": "1883",
        "clientid": "23o4oj123kn41lk2tlk14g3234",
        "usetls": false,
        "compatmode": false,
        "protocolVersion": "4",
        "keepalive": "60",
        "cleansession": true,
        "birthTopic": "",
        "birthQos": "0",
        "birthPayload": "",
        "birthMsg": {},
        "closeTopic": "",
        "closeQos": "0",
        "closePayload": "",
        "closeMsg": {},
        "willTopic": "",
        "willQos": "0",
        "willPayload": "",
        "willMsg": {},
        "sessionExpiry": ""
    },
    {
        "id": "713a99086b6030f2",
        "type": "ui_tab",
        "name": "Brushless Motors",
        "icon": "dashboard",
        "order": 2,
        "disabled": false,
        "hidden": false
    }
]